year,month,state,program,days_to_initial_call,targeted_members,outreached_members,reached_members,engaged_members
2015,3,,IVR,171,34,26,15,10
2015,3,AK,IVR,14,2,2,1,0
2015,3,AL,IVR,956,145,142,83,60
2015,3,AR,IVR,6857,1265,1039,603,350
2015,3,AZ,IVR,1592,285,281,172,88
2015,3,CA,IVR,16089,3157,2941,1532,918
2015,3,CO,IVR,1806,374,354,195,106
2015,3,CT,IVR,25013,3825,3571,2054,1240
2015,3,DC,IVR,720,129,106,51,32
2015,3,DE,IVR,3912,607,567,302,197
2015,3,FL,IVR,92233,17018,13512,6854,4221
2015,3,GA,IVR,46839,7036,6685,3830,2294
2015,3,HI,IVR,55,12,11,7,6
2015,3,IA,IVR,28746,4948,4351,2486,1394
2015,3,ID,IVR,91,18,18,12,8
2015,3,IL,IVR,28688,4780,4321,2576,1504
2015,3,IN,IVR,1229,190,180,92,50
2015,3,KS,IVR,23378,4142,3568,2003,1038
2015,3,KY,IVR,1532,223,218,113,60
2015,3,LA,IVR,902,143,137,82,60
2015,3,LE,IVR,6,1,1,0,0
2015,3,MA,IVR,790,123,113,63,34
2015,3,MD,IVR,5098,797,735,354,223
2015,3,ME,IVR,11462,1753,1642,880,484
2015,3,MI,IVR,2947,435,426,263,147
2015,3,MN,IVR,281,46,42,23,9
2015,3,MO,IVR,87513,15629,13346,7651,4293
2015,3,MS,IVR,324,51,48,32,19
2015,3,MT,IVR,22,4,4,2,2
2015,3,NC,IVR,47394,7045,6714,4060,2698
2015,3,ND,IVR,37,6,6,3,2
2015,3,NE,IVR,10459,1791,1581,870,458
2015,3,NH,IVR,279,42,40,30,13
2015,3,NJ,IVR,35025,5223,5031,2778,1774
2015,3,NM,IVR,167,31,30,17,6
2015,3,NV,IVR,3943,775,721,380,204
2015,3,NY,IVR,39195,5789,5568,3192,1949
2015,3,OH,IVR,57283,8933,8242,4441,2608
2015,3,OK,IVR,1992,336,302,177,121
2015,3,OR,IVR,229,41,40,28,17
2015,3,PA,IVR,158112,26771,23077,11704,6791
2015,3,PR,IVR,26,5,4,1,1
2015,3,RI,IVR,150,23,22,11,8
2015,3,SC,IVR,1421,212,206,121,60
2015,3,SD,IVR,1301,222,198,109,59
2015,3,TN,IVR,2235,348,333,164,93
2015,3,TX,IVR,40769,6630,6179,3297,2019
2015,3,U,IVR,15,3,2,1,0
2015,3,UA,IVR,,1,0,,
2015,3,UT,IVR,5692,1265,1138,597,337
2015,3,VA,IVR,6875,1024,985,511,285
2015,3,VI,IVR,6,1,1,0,0
2015,3,VT,IVR,162,24,23,14,7
2015,3,WA,IVR,637,119,114,67,31
2015,3,WI,IVR,365,54,54,37,25
2015,3,WV,IVR,10683,1809,1552,901,561
2015,3,WY,IVR,198,41,39,22,13
2015,4,,IVR,52,25,15,6,3
2015,4,,Live Call,12,5,1,0,0
2015,4,AK,IVR,5,2,2,1,1
2015,4,AL,IVR,448,151,139,80,56
2015,4,AL,Live Call,17,2,2,1,0
2015,4,AR,IVR,4667,1599,1240,739,432
2015,4,AR,Live Call,396,56,38,17,15
2015,4,AZ,IVR,914,352,325,207,107
2015,4,AZ,Live Call,64,8,8,3,2
2015,4,CA,IVR,7588,2869,2582,1438,806
2015,4,CA,Live Call,685,94,71,22,15
2015,4,CO,IVR,1104,449,414,238,113
2015,4,CO,Live Call,48,7,5,0,0
2015,4,CT,IVR,11517,4063,3620,1856,1028
2015,4,CT,Live Call,546,68,56,12,9
2015,4,DC,IVR,399,147,124,60,40
2015,4,DC,Live Call,38,6,5,3,3
2015,4,DE,IVR,2463,863,779,408,225
2015,4,DE,Live Call,157,22,18,3,3
2015,4,FL,IVR,69537,21271,15480,7722,4715
2015,4,FL,Live Call,2615,495,362,134,104
2015,4,GA,IVR,21571,7096,6189,3651,2111
2015,4,GA,Live Call,620,120,79,26,23
2015,4,HI,IVR,19,8,8,4,4
2015,4,IA,IVR,20340,6775,5617,3195,1636
2015,4,IA,Live Call,959,169,101,42,38
2015,4,ID,IVR,47,27,22,12,11
2015,4,IL,IVR,19886,7101,6070,3599,1957
2015,4,IL,Live Call,1153,238,122,46,38
2015,4,IN,IVR,631,205,185,110,58
2015,4,IN,Live Call,4,2,1,0,0
2015,4,KS,IVR,15222,5577,4555,2502,1226
2015,4,KS,Live Call,945,187,100,37,33
2015,4,KY,IVR,629,223,199,120,66
2015,4,KY,Live Call,29,4,3,0,0
2015,4,LA,IVR,291,113,98,59,35
2015,4,LA,Live Call,23,3,2,2,0
2015,4,MA,IVR,384,138,125,69,33
2015,4,MA,Live Call,,1,0,,
2015,4,MD,IVR,2748,918,847,449,254
2015,4,MD,Live Call,129,19,15,6,5
2015,4,ME,IVR,6178,2197,1990,1075,532
2015,4,ME,Live Call,238,30,25,8,7
2015,4,MI,IVR,1572,551,503,329,170
2015,4,MI,Live Call,55,9,7,3,2
2015,4,MN,IVR,119,50,47,28,13
2015,4,MN,Live Call,14,2,2,1,1
2015,4,MO,IVR,59371,20615,16732,9268,4865
2015,4,MO,Live Call,4298,743,442,153,127
2015,4,MS,IVR,182,48,41,28,12
2015,4,MT,IVR,22,8,8,4,3
2015,4,NC,IVR,19627,6512,5620,3403,2184
2015,4,NC,Live Call,522,98,62,15,11
2015,4,ND,IVR,9,5,4,2,2
2015,4,NE,IVR,7091,2385,1966,1112,562
2015,4,NE,Live Call,352,63,36,10,8
2015,4,NH,IVR,93,35,32,19,8
2015,4,NH,Live Call,12,1,1,1,1
2015,4,NJ,IVR,16426,5582,5118,2896,1761
2015,4,NJ,Live Call,1014,150,128,34,30
2015,4,NM,IVR,80,32,29,16,8
2015,4,NV,IVR,2040,866,780,417,234
2015,4,NV,Live Call,150,21,16,4,3
2015,4,NY,IVR,16812,5841,5233,3094,1792
2015,4,NY,Live Call,707,89,73,18,15
2015,4,OH,IVR,30553,10495,9173,4819,2588
2015,4,OH,Live Call,1423,247,178,51,43
2015,4,OK,IVR,1126,395,328,193,112
2015,4,OK,Live Call,46,8,5,0,0
2015,4,OR,IVR,108,45,40,26,11
2015,4,PA,IVR,108605,35692,28396,14223,7827
2015,4,PA,Live Call,4763,1015,603,199,162
2015,4,PR,IVR,27,6,6,3,1
2015,4,PR,Live Call,7,1,1,0,0
2015,4,RI,IVR,38,15,12,6,3
2015,4,SC,IVR,660,225,209,126,67
2015,4,SC,Live Call,41,6,4,2,2
2015,4,SD,IVR,884,294,247,136,76
2015,4,SD,Live Call,67,11,7,3,2
2015,4,TN,IVR,956,305,276,151,78
2015,4,TN,Live Call,74,10,7,2,2
2015,4,TX,IVR,17988,6380,5711,3146,1815
2015,4,TX,Live Call,2318,281,241,59,44
2015,4,U,IVR,10,4,3,3,2
2015,4,UA,IVR,,1,0,,
2015,4,UT,IVR,3448,1767,1448,738,377
2015,4,UT,Live Call,240,48,25,11,7
2015,4,VA,IVR,3662,1219,1118,553,285
2015,4,VA,Live Call,120,20,14,6,5
2015,4,VI,IVR,3,1,1,0,0
2015,4,VT,IVR,103,32,28,20,8
2015,4,VT,Live Call,,1,0,,
2015,4,WA,IVR,291,119,108,72,30
2015,4,WA,Live Call,63,6,6,2,1
2015,4,WI,IVR,182,63,61,40,16
2015,4,WI,Live Call,,2,0,,
2015,4,WV,IVR,6850,2295,1830,1010,583
2015,4,WV,Live Call,223,56,34,12,11
2015,4,WY,IVR,121,60,51,32,17
2015,4,WY,Live Call,11,1,1,1,1
2015,5,,IVR,30,18,11,5,3
2015,5,,Live Call,,2,0,,
2015,5,AK,IVR,2,1,1,1,1
2015,5,AL,IVR,159,114,106,55,32
2015,5,AL,Live Call,24,3,3,1,0
2015,5,AR,IVR,1324,1230,883,459,218
2015,5,AR,Live Call,921,93,93,42,37
2015,5,AZ,IVR,285,269,253,141,47
2015,5,AZ,Live Call,45,4,4,1,1
2015,5,CA,IVR,1856,1691,1558,808,375
2015,5,CA,Live Call,1378,145,145,45,36
2015,5,CO,IVR,382,365,330,174,59
2015,5,CO,Live Call,163,16,16,8,4
2015,5,CT,IVR,5400,3104,2778,1500,704
2015,5,CT,Live Call,1215,121,121,30,25
2015,5,DC,IVR,187,101,84,40,29
2015,5,DC,Live Call,149,13,13,4,4
2015,5,DE,IVR,1187,674,612,307,151
2015,5,DE,Live Call,308,34,34,12,7
2015,5,FL,IVR,18063,16019,9227,4158,2164
2015,5,FL,Live Call,10432,1259,1246,420,331
2015,5,GA,IVR,6657,4264,3679,1955,979
2015,5,GA,Live Call,4580,502,498,153,112
2015,5,HI,IVR,7,6,6,3,0
2015,5,IA,IVR,5521,5097,3892,2069,922
2015,5,IA,Live Call,3471,360,356,138,104
2015,5,ID,IVR,19,19,19,11,5
2015,5,ID,Live Call,11,1,1,0,0
2015,5,IL,IVR,6320,5423,4563,2503,1187
2015,5,IL,Live Call,5664,593,589,217,168
2015,5,IN,IVR,275,153,143,75,37
2015,5,IN,Live Call,76,8,8,2,2
2015,5,KS,IVR,4666,4138,3211,1527,611
2015,5,KS,Live Call,3238,352,346,124,104
2015,5,KY,IVR,254,149,143,82,32
2015,5,KY,Live Call,42,4,4,2,1
2015,5,LA,IVR,89,65,62,30,14
2015,5,LA,Live Call,40,4,4,2,2
2015,5,MA,IVR,180,102,94,53,21
2015,5,MA,Live Call,62,6,6,0,0
2015,5,MD,IVR,1323,737,670,303,134
2015,5,MD,Live Call,348,35,35,16,12
2015,5,ME,IVR,3177,1721,1567,794,322
2015,5,ME,Live Call,750,75,75,23,15
2015,5,MI,IVR,712,412,384,244,85
2015,5,MI,Live Call,233,22,22,9,6
2015,5,MN,IVR,58,38,35,20,5
2015,5,MN,Live Call,31,2,2,1,1
2015,5,MO,IVR,17193,15307,11565,5731,2427
2015,5,MO,Live Call,10967,1194,1162,421,333
2015,5,MS,IVR,63,36,32,20,8
2015,5,MS,Live Call,10,1,1,1,1
2015,5,MT,IVR,5,4,4,2,1
2015,5,NC,IVR,5311,3504,3013,1646,882
2015,5,NC,Live Call,4235,449,449,165,136
2015,5,ND,IVR,1,1,1,0,0
2015,5,NE,IVR,1979,1775,1361,685,294
2015,5,NE,Live Call,1076,113,112,36,30
2015,5,NH,IVR,54,28,27,18,6
2015,5,NH,Live Call,28,3,3,1,1
2015,5,NJ,IVR,7150,3964,3692,1929,937
2015,5,NJ,Live Call,2036,208,207,61,45
2015,5,NM,IVR,23,22,20,12,3
2015,5,NV,IVR,618,614,552,276,110
2015,5,NV,Live Call,406,42,42,14,10
2015,5,NY,IVR,7505,4112,3875,2176,1006
2015,5,NY,Live Call,1249,130,130,33,21
2015,5,OH,IVR,13859,8080,7071,3346,1441
2015,5,OH,Live Call,3668,412,411,127,101
2015,5,OK,IVR,326,278,227,123,62
2015,5,OK,Live Call,174,19,19,8,8
2015,5,OR,IVR,30,32,30,15,9
2015,5,OR,Live Call,11,1,1,0,0
2015,5,PA,IVR,40404,27565,20606,9209,4156
2015,5,PA,Live Call,13876,1807,1794,607,487
2015,5,PR,IVR,2,3,1,0,0
2015,5,RI,IVR,38,16,13,7,5
2015,5,SC,IVR,306,163,151,85,27
2015,5,SC,Live Call,92,9,9,5,5
2015,5,SD,IVR,235,213,161,81,32
2015,5,SD,Live Call,213,22,22,9,8
2015,5,TN,IVR,295,193,178,93,47
2015,5,TN,Live Call,106,11,11,4,3
2015,5,TX,IVR,4085,3345,2967,1488,771
2015,5,TX,Live Call,6652,679,679,198,154
2015,5,U,IVR,2,2,1,1,0
2015,5,UA,IVR,,1,0,,
2015,5,UT,IVR,1203,1270,1051,450,179
2015,5,UT,Live Call,1193,128,125,46,36
2015,5,VA,IVR,1752,977,900,407,182
2015,5,VA,Live Call,371,38,38,10,8
2015,5,VT,IVR,38,24,20,12,7
2015,5,VT,Live Call,31,3,3,1,1
2015,5,WA,IVR,78,84,77,47,18
2015,5,WA,Live Call,82,8,8,1,0
2015,5,WI,IVR,60,47,45,27,9
2015,5,WI,Live Call,25,3,3,1,1
2015,5,WV,IVR,2474,1745,1286,661,324
2015,5,WV,Live Call,731,94,92,29,26
2015,5,WY,IVR,36,40,36,20,10
2015,5,WY,Live Call,52,6,6,3,3
2015,6,,IVR,29,15,13,8,3
2015,6,,Live Call,25,6,2,1,1
2015,6,AK,IVR,12,3,3,3,2
2015,6,AL,IVR,333,158,146,84,46
2015,6,AL,Live Call,123,16,12,6,5
2015,6,AR,IVR,1677,1009,755,420,197
2015,6,AR,Live Call,2259,207,205,73,57
2015,6,AZ,IVR,548,244,235,142,51
2015,6,AZ,Live Call,286,32,25,7,5
2015,6,CA,IVR,6114,2983,2748,1405,634
2015,6,CA,Live Call,3718,417,391,156,128
2015,6,CO,IVR,715,366,332,181,69
2015,6,CO,Live Call,372,37,30,9,6
2015,6,CT,IVR,9163,4071,3637,1837,839
2015,6,CT,Live Call,4943,418,403,157,116
2015,6,DC,IVR,239,129,106,51,29
2015,6,DC,Live Call,190,15,15,7,6
2015,6,DE,IVR,1510,681,616,309,152
2015,6,DE,Live Call,771,81,77,23,17
2015,6,DS,IVR,2,1,1,0,0
2015,6,FL,IVR,26804,15370,10286,5222,2684
2015,6,FL,Live Call,17088,2033,1984,755,594
2015,6,GA,IVR,10577,4895,4339,2367,1192
2015,6,GA,Live Call,19955,1834,1723,699,565
2015,6,HI,IVR,14,7,7,7,4
2015,6,HI,Live Call,20,2,2,0,0
2015,6,IA,IVR,7487,4224,3399,1944,869
2015,6,IA,Live Call,6406,648,646,243,183
2015,6,ID,IVR,22,13,11,7,3
2015,6,ID,Live Call,19,4,2,0,0
2015,6,IL,IVR,8910,4731,4093,2381,1125
2015,6,IL,Live Call,10283,1085,1075,331,255
2015,6,IN,IVR,483,203,188,100,43
2015,6,IN,Live Call,255,32,26,13,11
2015,6,KS,IVR,6426,3600,2932,1584,611
2015,6,KS,Live Call,6488,671,671,226,165
2015,6,KY,IVR,565,237,224,108,48
2015,6,KY,Live Call,347,38,31,13,11
2015,6,LA,IVR,227,121,109,57,24
2015,6,LA,Live Call,190,19,17,7,6
2015,6,MA,IVR,265,111,100,53,13
2015,6,MA,Live Call,106,15,11,3,2
2015,6,MD,IVR,2124,890,805,386,180
2015,6,MD,Live Call,1409,137,126,40,33
2015,6,ME,IVR,4518,1977,1781,950,375
2015,6,ME,Live Call,2067,206,195,82,63
2015,6,MI,IVR,1135,496,458,308,118
2015,6,MI,Live Call,659,63,55,18,16
2015,6,MN,IVR,106,39,37,22,10
2015,6,MN,Live Call,26,6,2,1,1
2015,6,MO,IVR,22310,12950,10152,5531,2368
2015,6,MO,Live Call,22806,2363,2346,825,591
2015,6,MS,IVR,100,49,41,24,13
2015,6,MS,Live Call,44,4,4,3,1
2015,6,MT,IVR,6,3,3,0,0
2015,6,MT,Live Call,8,2,1,0,0
2015,6,NC,IVR,9089,4170,3795,2126,1163
2015,6,NC,Live Call,21625,1804,1722,716,603
2015,6,ND,IVR,9,4,4,3,2
2015,6,NE,IVR,2597,1448,1170,663,298
2015,6,NE,Live Call,2415,245,244,80,52
2015,6,NH,IVR,78,42,37,22,10
2015,6,NH,Live Call,8,2,1,1,1
2015,6,NJ,IVR,12998,5395,5084,2628,1383
2015,6,NJ,Live Call,7021,666,601,201,155
2015,6,NM,IVR,47,24,23,10,7
2015,6,NM,Live Call,47,5,4,2,1
2015,6,NV,IVR,1474,742,682,342,156
2015,6,NV,Live Call,1160,100,100,38,30
2015,6,NY,IVR,13694,5625,5286,2937,1447
2015,6,NY,Live Call,5151,491,452,177,136
2015,6,OH,IVR,17991,7874,7006,3609,1648
2015,6,OH,Live Call,8463,892,878,311,253
2015,6,OK,IVR,576,295,260,135,60
2015,6,OK,Live Call,575,59,55,9,6
2015,6,OR,IVR,80,42,40,25,9
2015,6,OR,Live Call,69,13,8,2,2
2015,6,PA,IVR,49239,24607,19444,9224,4379
2015,6,PA,Live Call,28591,3841,3793,1291,993
2015,6,PR,IVR,3,3,1,0,0
2015,6,RI,IVR,48,19,19,7,1
2015,6,RI,Live Call,8,1,1,0,0
2015,6,SC,IVR,562,209,202,120,48
2015,6,SC,Live Call,332,44,35,11,10
2015,6,SD,IVR,345,197,156,85,34
2015,6,SD,Live Call,243,25,25,9,7
2015,6,TN,IVR,679,330,306,155,75
2015,6,TN,Live Call,551,56,48,22,18
2015,6,TX,IVR,11568,5549,5094,2650,1288
2015,6,TX,Live Call,10138,950,875,315,252
2015,6,U,IVR,4,3,2,2,1
2015,6,UA,IVR,,1,0,,
2015,6,UT,IVR,2093,1185,994,500,224
2015,6,UT,Live Call,2320,244,244,77,61
2015,6,VA,IVR,2304,999,932,426,187
2015,6,VA,Live Call,1009,111,93,37,24
2015,6,VI,IVR,,1,0,,
2015,6,VT,IVR,65,30,27,21,3
2015,6,VT,Live Call,28,9,4,0,0
2015,6,WA,IVR,257,133,121,73,28
2015,6,WA,Live Call,104,10,9,4,2
2015,6,WI,IVR,100,50,48,24,11
2015,6,WI,Live Call,105,14,11,3,2
2015,6,WV,IVR,2919,1476,1149,646,340
2015,6,WV,Live Call,1737,229,224,84,63
2015,6,WY,IVR,66,40,33,15,8
2015,6,WY,Live Call,70,9,8,3,2
2015,7,,IVR,12,9,6,3,0
2015,7,,Live Call,,2,0,,
2015,7,AK,IVR,2,1,1,1,0
2015,7,AK,Live Call,14,1,1,0,0
2015,7,AL,IVR,101,52,43,20,10
2015,7,AL,Live Call,358,31,29,9,7
2015,7,AR,IVR,1074,811,522,282,130
2015,7,AR,Live Call,1448,101,100,46,38
2015,7,AZ,IVR,284,152,142,69,30
2015,7,AZ,Live Call,249,25,24,12,9
2015,7,CA,IVR,2367,1303,1116,573,247
2015,7,CA,Live Call,8377,700,693,258,197
2015,7,CO,IVR,443,244,214,105,45
2015,7,CO,Live Call,643,54,53,26,20
2015,7,CT,IVR,3345,2141,1605,803,364
2015,7,CT,Live Call,10739,890,887,235,164
2015,7,DC,IVR,149,85,67,31,18
2015,7,DC,Live Call,242,16,16,4,4
2015,7,DE,IVR,917,499,436,195,105
2015,7,DE,Live Call,568,51,51,19,16
2015,7,DS,Live Call,14,1,1,0,0
2015,7,FL,IVR,12447,12345,5751,2550,1342
2015,7,FL,Live Call,14556,1179,1174,477,353
2015,7,GA,IVR,4536,2647,2058,1057,493
2015,7,GA,Live Call,20218,1497,1488,549,426
2015,7,HI,IVR,10,6,5,3,1
2015,7,HI,Live Call,14,1,1,0,0
2015,7,IA,IVR,3475,2479,1685,881,364
2015,7,IA,Live Call,15399,1129,1128,485,374
2015,7,ID,IVR,14,8,7,3,1
2015,7,ID,Live Call,18,3,3,0,0
2015,7,IL,IVR,4460,2571,2110,1095,526
2015,7,IL,Live Call,17262,1273,1269,486,357
2015,7,IN,IVR,181,88,83,41,19
2015,7,IN,Live Call,576,51,51,19,13
2015,7,KS,IVR,4773,2932,2229,1122,475
2015,7,KS,Live Call,4246,298,296,133,104
2015,7,KY,IVR,211,103,98,48,22
2015,7,KY,Live Call,670,63,63,19,13
2015,7,LA,IVR,114,62,57,24,16
2015,7,LA,Live Call,318,30,30,12,11
2015,7,MA,IVR,108,61,54,35,11
2015,7,MA,Live Call,387,32,32,7,3
2015,7,MD,IVR,1067,562,496,209,109
2015,7,MD,Live Call,1271,106,106,32,27
2015,7,ME,IVR,1793,1030,874,422,187
2015,7,ME,Live Call,5102,487,486,155,113
2015,7,MI,IVR,538,256,239,147,70
2015,7,MI,Live Call,1401,124,124,50,38
2015,7,MN,IVR,61,24,23,12,5
2015,7,MN,Live Call,52,6,6,3,2
2015,7,MO,IVR,12119,8341,5752,2818,1214
2015,7,MO,Live Call,36554,2673,2640,1039,775
2015,7,MS,IVR,59,25,22,9,4
2015,7,MS,Live Call,101,12,11,8,5
2015,7,MT,IVR,4,2,2,2,0
2015,7,NC,IVR,3086,1929,1423,717,365
2015,7,NC,Live Call,22329,1674,1668,640,531
2015,7,ND,IVR,,1,0,,
2015,7,ND,Live Call,15,1,1,0,0
2015,7,NE,IVR,1507,1062,746,380,155
2015,7,NE,Live Call,3192,229,228,82,60
2015,7,NH,IVR,36,21,18,8,4
2015,7,NH,Live Call,66,5,5,2,2
2015,7,NJ,IVR,4500,2372,2070,1026,518
2015,7,NJ,Live Call,14442,1202,1200,361,249
2015,7,NM,IVR,22,14,11,7,5
2015,7,NM,Live Call,47,4,4,1,1
2015,7,NV,IVR,864,465,402,189,98
2015,7,NV,Live Call,1345,107,106,40,37
2015,7,NY,IVR,4337,2327,1996,1038,489
2015,7,NY,Live Call,12714,1071,1069,298,207
2015,7,OH,IVR,9317,5325,4396,2037,900
2015,7,OH,Live Call,9262,690,688,224,167
2015,7,OK,IVR,368,208,169,83,41
2015,7,OK,Live Call,337,32,32,9,6
2015,7,OR,IVR,51,19,18,5,1
2015,7,OR,Live Call,88,9,9,3,3
2015,7,PA,IVR,20000,14016,9445,4225,2018
2015,7,PA,Live Call,77405,5919,5912,1776,1356
2015,7,PR,IVR,,1,0,,
2015,7,RI,IVR,27,7,6,3,1
2015,7,RI,Live Call,44,3,3,1,1
2015,7,SC,IVR,175,91,80,45,14
2015,7,SC,Live Call,536,50,50,18,15
2015,7,SD,IVR,160,119,80,32,14
2015,7,SD,Live Call,691,52,52,19,14
2015,7,TN,IVR,324,164,147,67,21
2015,7,TN,Live Call,1094,83,83,26,19
2015,7,TX,IVR,4424,2339,2017,947,432
2015,7,TX,Live Call,15567,1273,1267,409,300
2015,7,U,IVR,,1,0,,
2015,7,UT,IVR,1049,620,502,233,121
2015,7,UT,Live Call,4672,318,317,116,91
2015,7,VA,IVR,1178,614,544,240,125
2015,7,VA,Live Call,1654,132,132,41,28
2015,7,VI,IVR,,1,0,,
2015,7,VT,IVR,22,12,11,8,2
2015,7,VT,Live Call,52,6,6,3,2
2015,7,WA,IVR,102,56,51,29,7
2015,7,WA,Live Call,318,30,30,8,6
2015,7,WI,IVR,30,15,15,11,5
2015,7,WI,Live Call,161,16,16,5,5
2015,7,WV,IVR,1420,1041,680,362,171
2015,7,WV,Live Call,3101,245,245,93,76
2015,7,WY,IVR,32,20,16,11,4
2015,7,WY,Live Call,212,15,15,4,2
2015,8,,IVR,10,5,5,4,1
2015,8,,Live Call,,4,0,,
2015,8,AK,IVR,2,1,1,1,1
2015,8,AL,IVR,52,58,26,12,5
2015,8,AL,Live Call,452,45,43,21,17
2015,8,AR,IVR,798,623,352,183,72
2015,8,AR,Live Call,4637,230,209,83,52
2015,8,AZ,IVR,185,98,85,42,11
2015,8,AZ,Live Call,864,54,53,29,21
2015,8,CA,IVR,1340,825,581,299,108
2015,8,CA,Live Call,7308,741,660,305,230
2015,8,CO,IVR,284,168,133,78,26
2015,8,CO,Live Call,1337,95,92,53,36
2015,8,CT,IVR,1434,1367,633,304,98
2015,8,CT,Live Call,10315,900,815,269,187
2015,8,DC,IVR,96,66,42,20,12
2015,8,DC,Live Call,425,31,29,17,14
2015,8,DE,IVR,730,357,293,150,58
2015,8,DE,Live Call,2272,148,144,43,27
2015,8,FL,IVR,8796,9654,3371,1555,650
2015,8,FL,Live Call,59017,3172,2800,1118,739
2015,8,GA,IVR,3349,2107,1385,722,304
2015,8,GA,Live Call,26368,1919,1760,688,518
2015,8,HI,IVR,4,2,2,2,1
2015,8,IA,IVR,1847,1579,844,456,147
2015,8,IA,Live Call,16482,1156,1107,426,314
2015,8,ID,IVR,4,5,2,0,0
2015,8,ID,Live Call,28,4,4,3,3
2015,8,IL,IVR,2159,1449,1006,548,171
2015,8,IL,Live Call,18276,1296,1227,465,329
2015,8,IN,IVR,96,59,47,22,8
2015,8,IN,Live Call,567,52,49,29,21
2015,8,KS,IVR,2848,1966,1337,696,248
2015,8,KS,Live Call,16590,869,790,263,171
2015,8,KY,IVR,95,60,46,23,6
2015,8,KY,Live Call,585,53,48,15,11
2015,8,LA,IVR,506,305,253,156,75
2015,8,LA,Live Call,364,28,24,10,9
2015,8,MA,IVR,60,28,20,11,3
2015,8,MA,Live Call,331,24,22,10,7
2015,8,MD,IVR,692,387,288,128,60
2015,8,MD,Live Call,2690,195,176,43,28
2015,8,ME,IVR,855,609,406,206,81
2015,8,ME,Live Call,5400,442,421,148,100
2015,8,MI,IVR,242,122,103,66,19
2015,8,MI,Live Call,1874,144,135,65,42
2015,8,MN,IVR,14,10,7,6,2
2015,8,MN,Live Call,87,7,7,0,0
2015,8,MO,IVR,7138,5653,3272,1666,578
2015,8,MO,Live Call,54900,3527,3228,1249,837
2015,8,MS,IVR,29,18,14,6,2
2015,8,MS,Live Call,185,15,14,5,5
2015,8,MT,IVR,4,2,2,2,0
2015,8,MT,Live Call,22,2,2,1,1
2015,8,NC,IVR,2226,1794,989,518,276
2015,8,NC,Live Call,21348,1721,1549,606,457
2015,8,NE,IVR,904,701,428,232,77
2015,8,NE,Live Call,6570,398,357,124,81
2015,8,NH,IVR,21,10,10,5,1
2015,8,NH,Live Call,148,17,14,5,4
2015,8,NJ,IVR,2374,1484,1105,576,220
2015,8,NJ,Live Call,12881,1174,1053,371,250
2015,8,NM,IVR,6,3,3,1,0
2015,8,NM,Live Call,77,6,4,2,0
2015,8,NV,IVR,588,323,252,122,44
2015,8,NV,Live Call,2391,177,164,85,58
2015,8,NY,IVR,2365,1542,1052,603,212
2015,8,NY,Live Call,12586,1166,1031,360,249
2015,8,OH,IVR,6549,3537,2636,1243,479
2015,8,OH,Live Call,26936,1580,1475,521,352
2015,8,OK,IVR,238,153,110,67,28
2015,8,OK,Live Call,1031,60,58,21,15
2015,8,OR,IVR,24,15,12,6,3
2015,8,OR,Live Call,117,9,9,2,2
2015,8,PA,IVR,10835,8808,4896,2319,795
2015,8,PA,Live Call,92788,6199,5274,1802,1124
2015,8,PR,IVR,,1,0,,
2015,8,RI,IVR,4,2,2,1,0
2015,8,RI,Live Call,41,3,3,2,1
2015,8,SC,IVR,119,64,49,27,10
2015,8,SC,Live Call,631,48,48,19,10
2015,8,SD,IVR,108,87,54,25,6
2015,8,SD,Live Call,942,55,55,25,13
2015,8,TN,IVR,130,96,65,32,9
2015,8,TN,Live Call,1135,90,81,34,25
2015,8,TX,IVR,2453,1563,1079,583,219
2015,8,TX,Live Call,13093,1178,1056,404,283
2015,8,U,Live Call,27,1,1,0,0
2015,8,UA,IVR,,1,0,,
2015,8,UT,IVR,559,367,254,126,48
2015,8,UT,Live Call,5408,353,348,154,117
2015,8,VA,IVR,711,410,303,132,45
2015,8,VA,Live Call,3283,229,215,62,35
2015,8,VI,IVR,,1,0,,
2015,8,VT,IVR,8,5,4,2,0
2015,8,VT,Live Call,126,9,9,7,5
2015,8,WA,IVR,60,33,30,18,5
2015,8,WA,Live Call,450,37,33,11,6
2015,8,WI,IVR,26,16,13,9,2
2015,8,WI,Live Call,118,8,8,4,3
2015,8,WV,IVR,909,705,380,170,55
2015,8,WV,Live Call,6553,381,367,139,96
2015,8,WY,IVR,18,13,9,4,2
2015,8,WY,Live Call,216,11,10,4,2
2015,9,,IVR,3,4,2,0,0
2015,9,,Live Call,,4,0,,
2015,9,AK,IVR,18,2,2,0,0
2015,9,AL,IVR,35,55,27,15,7
2015,9,AL,Live Call,1016,56,53,15,12
2015,9,AR,IVR,520,606,319,191,74
2015,9,AR,Live Call,4420,270,263,86,56
2015,9,AZ,IVR,151,122,98,53,19
2015,9,AZ,Live Call,827,68,64,20,14
2015,9,CA,IVR,904,746,511,281,81
2015,9,CA,Live Call,13183,993,872,363,285
2015,9,CO,IVR,215,167,123,74,13
2015,9,CO,Live Call,1798,141,134,60,45
2015,9,CT,IVR,1454,1857,843,439,135
2015,9,CT,Live Call,26307,1793,1591,475,283
2015,9,DC,IVR,79,79,38,23,14
2015,9,DC,Live Call,846,55,45,17,14
2015,9,DE,IVR,541,350,285,153,65
2015,9,DE,Live Call,3480,245,223,49,33
2015,9,FL,IVR,6963,10588,3490,1669,630
2015,9,FL,Live Call,65175,4374,4033,1351,810
2015,9,GA,IVR,2320,1965,1224,622,223
2015,9,GA,Live Call,50915,3341,2837,872,548
2015,9,HI,IVR,6,4,3,2,1
2015,9,HI,Live Call,42,3,2,0,0
2015,9,IA,IVR,1425,1637,764,409,102
2015,9,IA,Live Call,22505,1207,1139,390,268
2015,9,ID,IVR,4,2,2,0,0
2015,9,ID,Live Call,137,9,9,1,1
2015,9,IL,IVR,2271,1724,1201,657,223
2015,9,IL,Live Call,37021,2228,2093,726,488
2015,9,IN,IVR,86,61,51,28,4
2015,9,IN,Live Call,941,63,56,19,11
2015,9,KS,IVR,1681,1652,1073,564,181
2015,9,KS,Live Call,14873,901,884,297,185
2015,9,KY,IVR,93,67,57,31,9
2015,9,KY,Live Call,986,61,56,14,8
2015,9,LA,IVR,99,111,54,31,8
2015,9,LA,Live Call,1537,158,154,62,31
2015,9,MA,IVR,44,35,29,19,0
2015,9,MA,Live Call,437,32,25,7,4
2015,9,MD,IVR,672,442,348,164,63
2015,9,MD,Live Call,5288,367,324,83,58
2015,9,ME,IVR,1024,794,557,295,82
2015,9,ME,Live Call,12390,834,766,246,157
2015,9,MI,IVR,271,179,167,108,26
2015,9,MI,Live Call,3097,179,162,61,42
2015,9,MN,IVR,18,11,10,6,2
2015,9,MN,Live Call,110,8,7,2,1
2015,9,MO,IVR,6101,6258,3525,1871,630
2015,9,MO,Live Call,96301,5783,5483,1941,1218
2015,9,MS,IVR,44,24,16,6,1
2015,9,MS,Live Call,291,16,14,7,5
2015,9,MT,IVR,2,2,1,1,0
2015,9,MT,Live Call,27,2,2,2,1
2015,9,NC,IVR,1666,1719,842,443,183
2015,9,NC,Live Call,45348,2990,2478,835,568
2015,9,NE,IVR,590,655,353,191,72
2015,9,NE,Live Call,7584,460,427,143,83
2015,9,NH,IVR,23,16,14,7,1
2015,9,NH,Live Call,105,6,6,1,1
2015,9,NJ,IVR,2431,1751,1331,673,196
2015,9,NJ,Live Call,32847,2277,1994,591,337
2015,9,NM,IVR,9,6,6,2,0
2015,9,NM,Live Call,187,13,13,6,4
2015,9,NV,IVR,376,320,241,125,43
2015,9,NV,Live Call,3382,263,247,92,66
2015,9,NY,IVR,2105,1646,1159,634,180
2015,9,NY,Live Call,26617,1869,1616,488,279
2015,9,OH,IVR,5301,3859,2767,1382,447
2015,9,OH,Live Call,38894,2542,2342,708,420
2015,9,OK,IVR,140,122,88,49,17
2015,9,OK,Live Call,1287,75,67,25,20
2015,9,OR,IVR,15,11,10,6,1
2015,9,OR,Live Call,212,14,14,4,4
2015,9,PA,IVR,9740,11000,5342,2596,803
2015,9,PA,Live Call,160206,9081,8754,2714,1669
2015,9,PR,IVR,,1,0,,
2015,9,RI,IVR,6,4,3,2,1
2015,9,RI,Live Call,34,3,3,1,0
2015,9,SC,IVR,83,61,52,27,7
2015,9,SC,Live Call,957,56,51,11,6
2015,9,SD,IVR,55,74,32,18,5
2015,9,SD,Live Call,1194,65,59,24,19
2015,9,TN,IVR,134,104,69,28,3
2015,9,TN,Live Call,1795,107,97,28,17
2015,9,TX,IVR,2217,1671,1231,627,204
2015,9,TX,Live Call,28201,1835,1564,477,299
2015,9,UA,IVR,,1,0,,
2015,9,UT,IVR,491,397,264,132,47
2015,9,UT,Live Call,6452,399,371,175,140
2015,9,VA,IVR,656,436,329,153,55
2015,9,VA,Live Call,4386,296,263,68,34
2015,9,VI,IVR,,1,0,,
2015,9,VT,IVR,10,8,7,6,1
2015,9,VT,Live Call,202,11,11,2,1
2015,9,WA,IVR,64,34,29,17,2
2015,9,WA,Live Call,592,37,35,16,9
2015,9,WI,IVR,23,17,14,8,2
2015,9,WI,Live Call,199,11,10,4,4
2015,9,WV,IVR,607,682,340,162,59
2015,9,WV,Live Call,8591,474,448,131,92
2015,9,WY,IVR,10,8,6,2,0
2015,9,WY,Live Call,144,10,9,2,2
2015,10,,IVR,1,1,1,0,0
2015,10,,Live Call,,3,0,,
2015,10,AL,IVR,8,21,8,6,2
2015,10,AL,Live Call,367,23,21,5,4
2015,10,AR,IVR,52,155,52,32,10
2015,10,AR,Live Call,1567,84,81,26,15
2015,10,AZ,IVR,51,45,35,17,3
2015,10,AZ,Live Call,771,49,49,19,7
2015,10,CA,IVR,62,67,62,39,3
2015,10,CA,Live Call,1279,79,75,20,14
2015,10,CO,IVR,56,70,56,30,4
2015,10,CO,Live Call,781,61,61,22,13
2015,10,CT,IVR,469,789,319,163,41
2015,10,CT,Live Call,19538,1126,1049,265,175
2015,10,DC,IVR,15,31,12,1,0
2015,10,DC,Live Call,371,21,21,8,4
2015,10,DE,IVR,204,146,112,42,18
2015,10,DE,Live Call,2217,145,139,31,21
2015,10,FL,IVR,2427,4687,1564,716,267
2015,10,FL,Live Call,41283,2465,2349,883,584
2015,10,GA,IVR,630,698,420,203,64
2015,10,GA,Live Call,26461,1719,1550,519,357
2015,10,HI,IVR,3,3,3,2,0
2015,10,IA,IVR,483,780,393,225,65
2015,10,IA,Live Call,6263,357,327,148,107
2015,10,ID,IVR,17,2,2,2,0
2015,10,ID,Live Call,21,2,2,0,0
2015,10,IL,IVR,559,704,469,283,77
2015,10,IL,Live Call,21226,1182,1096,402,265
2015,10,IN,IVR,27,27,25,17,5
2015,10,IN,Live Call,427,27,25,13,8
2015,10,KS,IVR,75,165,75,45,16
2015,10,KS,Live Call,1052,57,54,19,13
2015,10,KY,IVR,18,22,18,12,4
2015,10,KY,Live Call,457,24,24,4,3
2015,10,LA,IVR,35,51,35,19,9
2015,10,LA,Live Call,1752,98,98,35,27
2015,10,MA,IVR,8,9,8,5,0
2015,10,MA,Live Call,329,18,18,3,0
2015,10,MD,IVR,198,158,124,52,19
2015,10,MD,Live Call,2984,190,171,37,23
2015,10,ME,IVR,261,301,183,91,24
2015,10,ME,Live Call,8306,494,452,145,96
2015,10,MI,IVR,62,43,41,30,9
2015,10,MI,Live Call,1119,72,59,12,10
2015,10,MN,IVR,8,9,8,6,4
2015,10,MN,Live Call,119,5,5,2,2
2015,10,MO,IVR,1216,2104,1021,557,128
2015,10,MO,Live Call,46843,2530,2369,912,634
2015,10,MS,IVR,23,10,8,4,3
2015,10,MS,Live Call,123,8,6,1,1
2015,10,MT,Live Call,20,1,1,1,1
2015,10,NC,IVR,358,557,229,109,50
2015,10,NC,Live Call,21537,1443,1276,437,321
2015,10,NE,IVR,213,315,183,88,20
2015,10,NE,Live Call,3427,200,193,62,44
2015,10,NH,IVR,3,3,3,3,2
2015,10,NH,Live Call,69,5,4,1,1
2015,10,NJ,IVR,704,646,465,234,72
2015,10,NJ,Live Call,21949,1321,1213,380,255
2015,10,NM,IVR,1,1,1,1,0
2015,10,NM,Live Call,167,8,8,3,3
2015,10,NV,IVR,101,127,101,58,27
2015,10,NV,Live Call,1994,144,141,47,31
2015,10,NY,IVR,647,672,467,255,60
2015,10,NY,Live Call,17695,1068,969,292,183
2015,10,OH,IVR,1908,1650,1171,536,165
2015,10,OH,Live Call,24650,1464,1383,442,290
2015,10,OK,IVR,12,17,12,8,1
2015,10,OK,Live Call,335,23,17,7,4
2015,10,OR,IVR,8,8,8,5,2
2015,10,OR,Live Call,190,11,11,3,3
2015,10,PA,IVR,3190,4185,2164,1088,295
2015,10,PA,Live Call,76135,4041,3666,1199,750
2015,10,PR,IVR,,1,0,,
2015,10,RI,IVR,,2,0,,
2015,10,RI,Live Call,20,1,1,0,0
2015,10,SC,IVR,36,20,18,11,2
2015,10,SC,Live Call,418,25,22,7,4
2015,10,SD,IVR,14,32,14,5,2
2015,10,SD,Live Call,269,15,15,7,6
2015,10,TN,IVR,36,37,35,17,7
2015,10,TN,Live Call,725,42,37,10,8
2015,10,TX,IVR,597,633,462,259,68
2015,10,TX,Live Call,14328,920,811,288,187
2015,10,UT,IVR,128,167,112,57,20
2015,10,UT,Live Call,1382,108,106,49,38
2015,10,VA,IVR,219,180,138,62,23
2015,10,VA,Live Call,2515,160,146,40,25
2015,10,VT,IVR,2,2,2,2,0
2015,10,VT,Live Call,66,3,3,1,1
2015,10,WA,IVR,9,9,9,6,1
2015,10,WA,Live Call,264,19,18,4,2
2015,10,WI,IVR,8,9,8,7,1
2015,10,WI,Live Call,187,7,7,1,1
2015,10,WV,IVR,181,201,131,58,21
2015,10,WV,Live Call,3280,189,182,54,38
2015,10,WY,IVR,3,6,3,2,1
2015,10,WY,Live Call,79,4,4,1,1
2015,11,,Live Call,20,2,1,0,0
2015,11,AL,IVR,2,5,2,1,1
2015,11,AL,Live Call,198,12,11,7,6
2015,11,AR,IVR,40,66,40,15,1
2015,11,AR,Live Call,192,8,8,3,2
2015,11,AZ,IVR,42,29,26,18,7
2015,11,AZ,Live Call,395,15,15,9,5
2015,11,CA,IVR,35,19,19,8,0
2015,11,CA,Live Call,693,29,28,7,4
2015,11,CO,IVR,36,39,36,17,4
2015,11,CO,Live Call,336,13,13,2,2
2015,11,CT,IVR,199,323,183,93,19
2015,11,CT,Live Call,6120,333,327,124,76
2015,11,DC,IVR,7,14,7,4,3
2015,11,DC,Live Call,115,4,4,2,1
2015,11,DE,IVR,76,71,60,24,7
2015,11,DE,Live Call,221,13,13,3,2
2015,11,FL,IVR,960,1542,784,344,144
2015,11,FL,Live Call,5235,293,292,122,93
2015,11,GA,IVR,278,296,214,109,33
2015,11,GA,Live Call,7188,467,461,212,164
2015,11,IA,IVR,277,277,197,96,36
2015,11,IA,Live Call,827,59,59,28,26
2015,11,ID,Live Call,21,1,1,0,0
2015,11,IL,IVR,264,302,248,160,51
2015,11,IL,Live Call,4375,268,267,119,81
2015,11,IN,IVR,6,6,6,5,1
2015,11,IN,Live Call,114,6,6,2,2
2015,11,KS,IVR,56,64,40,23,4
2015,11,KS,Live Call,59,6,6,2,2
2015,11,KY,IVR,5,7,5,3,0
2015,11,KY,Live Call,97,6,6,3,2
2015,11,LA,IVR,9,25,9,6,4
2015,11,LA,Live Call,182,8,8,5,4
2015,11,MA,IVR,,1,0,,
2015,11,MA,Live Call,13,1,1,1,1
2015,11,MD,IVR,106,91,90,50,20
2015,11,MD,Live Call,306,29,29,10,6
2015,11,ME,IVR,67,90,67,33,12
2015,11,ME,Live Call,2985,165,165,68,50
2015,11,MI,IVR,30,15,14,9,1
2015,11,MI,Live Call,371,28,28,11,8
2015,11,MO,IVR,864,746,544,276,66
2015,11,MO,Live Call,10348,584,582,271,213
2015,11,MS,IVR,1,1,1,0,0
2015,11,MS,Live Call,31,3,3,1,1
2015,11,MT,Live Call,21,1,1,0,0
2015,11,NC,IVR,155,201,107,64,24
2015,11,NC,Live Call,4823,367,364,158,124
2015,11,NE,IVR,124,128,92,42,14
2015,11,NE,Live Call,293,16,16,8,6
2015,11,NH,Live Call,22,2,2,2,2
2015,11,NJ,IVR,359,329,295,158,54
2015,11,NJ,Live Call,6937,402,396,160,113
2015,11,NM,Live Call,111,4,4,1,0
2015,11,NV,IVR,61,74,61,32,11
2015,11,NV,Live Call,587,24,23,9,5
2015,11,NY,IVR,193,260,193,108,26
2015,11,NY,Live Call,5705,325,322,118,89
2015,11,OH,IVR,863,806,671,306,100
2015,11,OH,Live Call,3774,204,203,71,52
2015,11,OK,IVR,8,11,8,4,1
2015,11,OK,Live Call,74,8,8,4,4
2015,11,OR,Live Call,105,4,4,1,1
2015,11,PA,IVR,1216,1417,1024,523,177
2015,11,PA,Live Call,11440,885,876,358,272
2015,11,RI,Live Call,34,1,1,1,1
2015,11,SC,IVR,4,4,4,2,1
2015,11,SC,Live Call,95,7,6,1,1
2015,11,SD,IVR,10,13,10,5,1
2015,11,SD,Live Call,21,1,1,0,0
2015,11,TN,IVR,24,10,8,2,0
2015,11,TN,Live Call,328,17,17,5,3
2015,11,TX,IVR,131,155,115,57,21
2015,11,TX,Live Call,4518,297,295,119,86
2015,11,UT,IVR,63,59,47,27,9
2015,11,UT,Live Call,264,22,22,11,7
2015,11,VA,IVR,57,77,57,21,11
2015,11,VA,Live Call,756,44,43,13,8
2015,11,VT,Live Call,68,2,2,0,0
2015,11,WA,IVR,2,2,2,2,0
2015,11,WA,Live Call,86,4,4,2,2
2015,11,WI,IVR,2,2,2,2,0
2015,11,WI,Live Call,55,2,2,2,2
2015,11,WV,IVR,84,95,84,39,9
2015,11,WV,Live Call,345,20,20,7,6
2015,11,WY,IVR,17,1,1,1,0
2015,12,AL,IVR,5,9,5,2,1
2015,12,AL,Live Call,112,11,11,2,2
2015,12,AR,IVR,58,38,26,13,6
2015,12,AR,Live Call,325,29,29,10,9
2015,12,AZ,IVR,7,10,7,5,1
2015,12,AZ,Live Call,108,17,15,5,2
2015,12,CA,IVR,22,23,22,12,2
2015,12,CA,Live Call,303,43,43,13,7
2015,12,CO,IVR,8,10,8,2,2
2015,12,CO,Live Call,192,28,27,9,6
2015,12,CT,IVR,120,143,90,44,21
2015,12,CT,Live Call,3735,336,334,103,67
2015,12,DC,IVR,8,10,8,4,3
2015,12,DC,Live Call,128,12,12,4,3
2015,12,DE,IVR,19,21,19,9,4
2015,12,DE,Live Call,591,55,54,23,21
2015,12,FL,IVR,360,652,284,137,73
2015,12,FL,Live Call,11827,1087,1084,447,344
2015,12,GA,IVR,234,195,158,80,46
2015,12,GA,Live Call,5120,432,431,168,124
2015,12,HI,IVR,1,1,1,1,1
2015,12,HI,Live Call,,1,0,,
2015,12,IA,IVR,426,258,204,99,50
2015,12,IA,Live Call,2547,247,247,117,86
2015,12,ID,IVR,1,1,1,0,0
2015,12,ID,Live Call,7,1,1,1,1
2015,12,IL,IVR,223,208,176,97,52
2015,12,IL,Live Call,3559,312,312,130,94
2015,12,IN,IVR,21,6,6,2,1
2015,12,IN,Live Call,126,11,11,3,1
2015,12,KS,IVR,37,50,37,21,10
2015,12,KS,Live Call,603,61,61,25,20
2015,12,KY,IVR,8,8,8,3,2
2015,12,KY,Live Call,137,13,12,5,5
2015,12,LA,IVR,11,16,11,6,5
2015,12,LA,Live Call,451,36,36,15,13
2015,12,MA,IVR,2,2,2,1,1
2015,12,MA,Live Call,45,4,4,2,1
2015,12,MD,IVR,37,21,21,7,2
2015,12,MD,Live Call,875,77,77,24,17
2015,12,ME,IVR,44,59,44,22,9
2015,12,ME,Live Call,2105,185,185,64,49
2015,12,MI,IVR,16,17,16,10,3
2015,12,MI,Live Call,353,32,32,11,7
2015,12,MN,IVR,2,2,2,1,0
2015,12,MN,Live Call,58,5,5,4,3
2015,12,MO,IVR,674,605,484,248,111
2015,12,MO,Live Call,7424,664,662,262,198
2015,12,MS,IVR,3,3,3,2,0
2015,12,MS,Live Call,48,4,4,3,2
2015,12,NC,IVR,127,144,111,59,32
2015,12,NC,Live Call,4411,370,367,141,112
2015,12,NE,IVR,95,78,63,31,17
2015,12,NE,Live Call,900,82,81,37,31
2015,12,NH,Live Call,12,1,1,0,0
2015,12,NJ,IVR,180,174,150,64,29
2015,12,NJ,Live Call,4791,423,421,144,104
2015,12,NM,IVR,2,2,2,0,0
2015,12,NV,IVR,35,25,19,9,4
2015,12,NV,Live Call,332,48,47,12,5
2015,12,NY,IVR,148,181,133,65,30
2015,12,NY,Live Call,4569,421,417,140,109
2015,12,OH,IVR,302,335,254,109,47
2015,12,OH,Live Call,5968,531,529,197,147
2015,12,OK,IVR,2,2,2,1,1
2015,12,OK,Live Call,131,12,12,8,7
2015,12,OR,IVR,1,1,1,1,1
2015,12,OR,Live Call,21,3,3,1,1
2015,12,PA,IVR,1334,1221,957,467,251
2015,12,PA,Live Call,18845,1698,1693,609,451
2015,12,RI,Live Call,12,1,1,0,0
2015,12,SC,IVR,7,7,7,6,3
2015,12,SC,Live Call,175,16,16,7,6
2015,12,SD,IVR,26,14,10,4,2
2015,12,SD,Live Call,148,14,14,7,6
2015,12,TN,IVR,13,14,13,7,5
2015,12,TN,Live Call,193,17,17,6,5
2015,12,TX,IVR,297,179,159,81,39
2015,12,TX,Live Call,4677,413,409,139,104
2015,12,UT,IVR,77,52,45,21,10
2015,12,UT,Live Call,1264,86,86,24,18
2015,12,VA,IVR,38,49,38,14,2
2015,12,VA,Live Call,937,84,84,26,15
2015,12,VT,Live Call,12,1,1,0,0
2015,12,WA,IVR,3,3,3,3,1
2015,12,WA,Live Call,63,9,9,4,3
2015,12,WI,IVR,2,3,2,0,0
2015,12,WI,Live Call,59,5,5,0,0
2015,12,WV,IVR,46,51,46,29,15
2015,12,WV,Live Call,860,73,72,21,17
2015,12,WY,IVR,19,5,3,2,2
2015,12,WY,Live Call,15,1,1,1,1
